{
  "stats": {
    "count": 40,
    "mean_s": 0.00021052250085631385,
    "median_s": 0.00011615000403253362,
    "p90_s": 0.0004819299996597692,
    "min_s": 5.810000584460795e-05,
    "max_s": 0.0006307000003289431
  },
  "times": [
    0.00017600000137463212,
    9.900001168716699e-05,
    0.00010439999459777027,
    8.430000161752105e-05,
    0.00043450000521261245,
    0.0002992000081576407,
    0.00048719999904278666,
    0.00034749999758787453,
    7.789999654050916e-05,
    8.359999628737569e-05,
    7.54999928176403e-05,
    0.0001188000023830682,
    0.00034779999987222254,
    0.00020349999249447137,
    0.00033599999733269215,
    0.00039509999623987824,
    0.00012820000119972974,
    7.789999654050916e-05,
    8.099999104160815e-05,
    6.980000762268901e-05,
    0.0005467000009957701,
    0.0005347999976947904,
    0.00022339999850373715,
    0.00011170000652782619,
    7.580000965390354e-05,
    8.399999933317304e-05,
    6.999999459367245e-05,
    7.740000728517771e-05,
    6.120000034570694e-05,
    0.00041769999370444566,
    0.0006307000003289431,
    0.0003228999994462356,
    0.00011350000568199903,
    7.550000736955553e-05,
    9.139999747276306e-05,
    6.340000254567713e-05,
    5.810000584460795e-05,
    0.00034840000444091856,
    0.00016229999891947955,
    0.000324800013913773
  ]
}