ts,matrix_openvino,model_path,count,mean_s,median_s,p90_s,min_s,max_s
2025-09-23T13:53:03.128953Z,false,,40,0.00021052250085631385,0.00011615000403253362,0.0004819299996597692,5.810000584460795e-05,0.0006307000003289431
